{"eco": 686.3126414714961, "organic": -707.5397437670275, "sustainable": -427.985280212564, "luxury": -512.9109558882396, "heritage": 1117.0265441117604, "handloom": -331.19428922157294, "designer": 1891.6723774450938}
